[
  {
    "id": 1,
    "title": "Mr",
    "givenName": "Jimi",
    "familyName": "Hendrix",
    "email": "jimi@example.com",
    "roomId": 2,
    "checkInDate": "2017-11-21",
    "checkOutDate": "2017-11-23"
  },
  {
    "id": 2,
    "title": "King",
    "givenName": "James",
    "familyName": "Brown",
    "email": "jamesbrown@example.com",
    "roomId": 1,
    "checkInDate": "2018-02-15",
    "checkOutDate": "2018-02-28"
  },
  {
    "id": 3,
    "title": "Queen",
    "givenName": "Aretha",
    "familyName": "Franklin",
    "email": "aretha@example.com",
    "roomId": 5,
    "checkInDate": "2018-03-01",
    "checkOutDate": "2018-04-09"
  },
  {
    "id": 4,
    "title": "Mr",
    "givenName": "Stevie",
    "familyName": "Wonder",
    "email": "stevie@example.com",
    "roomId": 6,
    "checkInDate": "2017-12-25",
    "checkOutDate": "2018-01-03"
  },
  {
    "id": 5,
    "title": "Mr",
    "givenName": "John",
    "familyName": "Lennon",
    "email": "lennon@example.com",
    "roomId": 3,
    "checkInDate": "2017-08-30",
    "checkOutDate": "2017-10-02"
  }
]
